{
    "loss": 17.665159225463867,
    "accuracy": 0.5686274766921997
}