{
    "loss": 0.03405298292636871,
    "accuracy": 0.9901960492134094
}