{
    "loss": 0.028883300721645355,
    "accuracy": 0.9901960492134094
}