{
    "loss": 19.818283081054688,
    "accuracy": 0.5686274766921997
}