{
    "loss": 17.109567642211914,
    "accuracy": 0.5686274766921997
}