{
    "loss": 13.398348808288574,
    "accuracy": 0.4313725531101227
}